{
  "test_duration": 46.15768504142761,
  "number_of_streams": 3,
  "message_size_results": [
    {
      "size": "0",
      "duration": 29.356120109558105,
      "total_messages": 2284,
      "total_bytes": 2660080,
      "total_throughput_mbps": 0.7249132351475562,
      "messages_per_second": 77.80319713490847,
      "per_stream_results": {
        "messages_received": 2284,
        "bytes_received": 2660080,
        "duration_seconds": 29.356120109558105,
        "messages_per_second": 77.80319713490847,
        "bytes_per_second": 90614.15439344454,
        "mbits_per_second": 0.7249132351475562
      }
    },
    {
      "size": "4",
      "duration": 29.352286100387573,
      "total_messages": 2272,
      "total_bytes": 2636141,
      "total_throughput_mbps": 0.718483321124399,
      "messages_per_second": 77.40453306531379,
      "per_stream_results": {
        "messages_received": 2272,
        "bytes_received": 2636141,
        "duration_seconds": 29.352286100387573,
        "messages_per_second": 77.40453306531379,
        "bytes_per_second": 89810.41514054989,
        "mbits_per_second": 0.718483321124399
      }
    },
    {
      "size": "8",
      "duration": 29.352187156677246,
      "total_messages": 2252,
      "total_bytes": 2635813,
      "total_throughput_mbps": 0.7183963459841558,
      "messages_per_second": 76.72341376058918,
      "per_stream_results": {
        "messages_received": 2252,
        "bytes_received": 2635813,
        "duration_seconds": 29.352187156677246,
        "messages_per_second": 76.72341376058918,
        "bytes_per_second": 89799.54324801947,
        "mbits_per_second": 0.7183963459841558
      }
    }
  ],
  "total_test_duration": 46.15768504142761
}