{
  "total_duration_seconds": 93.28148746490479,
  "total_messages": 1456,
  "total_bytes": 1697696,
  "total_messages_per_second": 15.60867048295933,
  "total_bytes_per_second": 18199.709783130576,
  "total_mbits_per_second": 0.14559767826504463,
  "number_of_streams": 3,
  "streams": {
    "0": {
      "messages_received": 493,
      "bytes_received": 568702,
      "duration_seconds": 66.78076696395874,
      "messages_per_second": 7.3823650492973485,
      "bytes_per_second": 8515.954905203855,
      "mbits_per_second": 0.06812763924163084
    },
    "4": {
      "messages_received": 471,
      "bytes_received": 565747,
      "duration_seconds": 66.77162599563599,
      "messages_per_second": 7.053894419626434,
      "bytes_per_second": 8472.865405988103,
      "mbits_per_second": 0.06778292324790482
    },
    "8": {
      "messages_received": 492,
      "bytes_received": 563247,
      "duration_seconds": 66.7664361000061,
      "messages_per_second": 7.368972027547761,
      "bytes_per_second": 8436.080056097955,
      "mbits_per_second": 0.06748864044878364
    }
  }
}