{
  "total_duration_seconds": 90.0170361995697,
  "total_messages": 1138,
  "total_bytes": 1310326,
  "total_messages_per_second": 12.642051416545526,
  "total_bytes_per_second": 14556.422376481927,
  "total_mbits_per_second": 0.11645137901185543,
  "number_of_streams": 3,
  "streams": {
    "0": {
      "messages_received": 380,
      "bytes_received": 437607,
      "duration_seconds": 63.050074100494385,
      "messages_per_second": 6.026955644720176,
      "bytes_per_second": 6940.626260050163,
      "mbits_per_second": 0.05552501008040131
    },
    "4": {
      "messages_received": 379,
      "bytes_received": 437315,
      "duration_seconds": 62.99975943565369,
      "messages_per_second": 6.015895987461678,
      "bytes_per_second": 6941.534442630089,
      "mbits_per_second": 0.05553227554104071
    },
    "8": {
      "messages_received": 379,
      "bytes_received": 435404,
      "duration_seconds": 63.00237774848938,
      "messages_per_second": 6.015645973124996,
      "bytes_per_second": 6910.913771193973,
      "mbits_per_second": 0.05528731016955179
    }
  }
}