{
  "total_duration_seconds": 2.315169095993042,
  "total_messages": 15,
  "total_bytes": 315,
  "total_messages_per_second": 6.479008391206118,
  "total_bytes_per_second": 136.05917621532848,
  "total_mbits_per_second": 0.0010884734097226277,
  "streams": {
    "0": {
      "messages_received": 5,
      "bytes_received": 105,
      "duration_seconds": 0.46570706367492676,
      "messages_per_second": 10.736362812590071,
      "bytes_per_second": 225.46361906439148,
      "mbits_per_second": 0.001803708952515132
    },
    "4": {
      "messages_received": 5,
      "bytes_received": 105,
      "duration_seconds": 0.4520134925842285,
      "messages_per_second": 11.061616703993181,
      "bytes_per_second": 232.29395078385681,
      "mbits_per_second": 0.0018583516062708545
    },
    "8": {
      "messages_received": 5,
      "bytes_received": 105,
      "duration_seconds": 0.3040335178375244,
      "messages_per_second": 16.445555199186956,
      "bytes_per_second": 345.3566591829261,
      "mbits_per_second": 0.002762853273463409
    }
  }
}