{
  "total_duration_seconds": 92.79495406150818,
  "average_messages": 146.66666666666666,
  "average_bytes": 168396.66666666666,
  "average_messages_per_second": 4.741637133721199,
  "average_bytes_per_second": 5444.15378087412,
  "average_mbits_per_second": 0.04355323024699296,
  "streams": {
    "0": {
      "messages_received": 147,
      "bytes_received": 167407,
      "duration_seconds": 46.4154314994812,
      "messages_per_second": 3.167050165237461,
      "bytes_per_second": 3606.709979672841,
      "mbits_per_second": 0.02885367983738273
    },
    "4": {
      "messages_received": 147,
      "bytes_received": 168807,
      "duration_seconds": 46.40732407569885,
      "messages_per_second": 3.167603453287159,
      "bytes_per_second": 3637.507728837044,
      "mbits_per_second": 0.029100061830696352
    },
    "8": {
      "messages_received": 146,
      "bytes_received": 168976,
      "duration_seconds": 46.40553569793701,
      "messages_per_second": 3.146176373231492,
      "bytes_per_second": 3641.289718103867,
      "mbits_per_second": 0.029130317744830932
    }
  }
}