{
  "stream_id": 4,
  "queue_name": "queue2",
  "results": [
    {
      "size": 1024,
      "duration": 5.082571506500244,
      "messages_sent": 154089,
      "bytes_sent": 155672869,
      "throughput_mbps": 245.03008967158544,
      "messages_per_sec": 30317.133719207144
    },
    {
      "size": 4096,
      "duration": 5.001302719116211,
      "messages_sent": 24832,
      "bytes_sent": 101353114,
      "throughput_mbps": 162.12274232088123,
      "messages_per_sec": 4965.106372202982
    },
    {
      "size": 16384,
      "duration": 5.000506639480591,
      "messages_sent": 25210,
      "bytes_sent": 412676590,
      "throughput_mbps": 660.215645737633,
      "messages_per_sec": 5041.489156510468
    },
    {
      "size": 65527,
      "duration": 5.00216007232666,
      "messages_sent": 6018,
      "bytes_sent": 394250106,
      "throughput_mbps": 630.5277724814945,
      "messages_per_sec": 1203.0802519282117
    }
  ]
}