{
  "stream_id": 0,
  "queue_name": "queue1",
  "results": [
    {
      "size": 1024,
      "duration": 5.000008583068848,
      "messages_sent": 272157,
      "bytes_sent": 275039617,
      "throughput_mbps": 440.0626317824269,
      "messages_per_sec": 54431.30656246966
    },
    {
      "size": 4096,
      "duration": 5.000025272369385,
      "messages_sent": 29631,
      "bytes_sent": 120942632,
      "throughput_mbps": 193.5072331227452,
      "messages_per_sec": 5926.1700463283105
    },
    {
      "size": 16384,
      "duration": 5.000028371810913,
      "messages_sent": 12790,
      "bytes_sent": 209361190,
      "throughput_mbps": 334.9760032248352,
      "messages_per_sec": 2557.9854850639
    },
    {
      "size": 65527,
      "duration": 5.000262260437012,
      "messages_sent": 5721,
      "bytes_sent": 374793042,
      "throughput_mbps": 599.6374149659005,
      "messages_per_sec": 1144.1399874693768
    }
  ]
}